"143","554","4","1999-06-20 16:43:50"
"836","1304","2","2017-10-14 17:13:53"
"196","455","4","1996-01-28 22:24:55"
"559","645","3","1988-07-24 20:08:41"
"589","1223","1","2018-01-20 03:45:52"
"339","1550","5","2001-03-22 23:32:12"
"65","1247","1","2000-08-27 20:06:51"
"825","715","3","2016-02-16 19:37:20"
"761","999","3","1985-09-14 17:15:13"
"115","949","1","2012-11-03 06:24:34"
"97","1771","5","1991-04-24 19:54:26"
"871","1104","2","1970-12-19 13:41:32"
"354","1868","2","2011-12-22 22:59:14"
"147","289","3","1974-08-07 12:58:15"
"351","1972","4","2016-03-20 13:23:26"
"301","856","3","1985-07-06 02:50:50"
"867","1607","3","1972-12-24 23:36:51"
"108","1847","1","1972-04-20 08:53:30"
"838","1909","5","2003-04-17 03:59:01"
"58","453","4","2004-05-11 20:35:26"
"10","1696","5","1978-01-15 21:52:47"
"478","277","3","2002-07-12 17:25:05"
"894","1135","4","2003-06-09 10:12:07"
"938","566","5","1977-12-31 20:13:04"
"266","499","5","2005-04-09 23:44:08"
"894","638","2","2021-08-27 03:32:28"
"803","1018","5","1994-02-16 09:32:07"
"536","176","4","2006-04-13 12:35:14"
"721","1377","4","2005-02-14 05:43:47"
"260","548","5","2013-03-17 23:34:57"
"48","3","1","1987-12-09 08:02:39"
"346","543","4","2018-09-24 04:29:14"
"287","1356","5","1973-08-07 03:56:33"
"37","321","2","2011-01-19 04:38:16"
"461","412","2","2014-06-26 14:01:02"
"956","215","1","2019-03-02 08:35:20"
"704","846","2","1978-06-15 17:27:24"
"756","470","2","1970-08-11 09:17:38"
"94","867","4","2007-06-21 21:04:16"
"202","204","5","1992-05-27 12:22:39"
"460","1387","2","1992-07-12 03:22:01"
"316","1151","3","2002-07-21 12:20:42"
"963","270","1","1994-06-03 13:40:11"
"728","292","3","2014-12-19 07:26:46"
"560","758","2","2004-01-02 18:38:12"
"561","1243","5","2022-04-21 01:37:00"
"527","152","4","2012-11-06 01:57:20"
"136","1651","4","2005-12-19 11:23:19"
"230","1058","1","1993-10-26 07:42:17"
"790","157","2","1997-08-11 19:51:03"
"686","1455","1","2017-06-26 23:35:11"
"122","1073","2","1981-04-09 02:27:24"
"504","396","5","2016-03-14 09:04:20"
"214","1297","4","2019-12-09 16:26:20"
"631","264","5","1979-12-29 04:32:17"
"39","1172","1","2010-03-18 01:57:35"
"586","889","4","2014-11-27 22:27:19"
"961","28","5","1981-09-21 00:56:10"
"511","1508","2","2018-01-10 03:22:39"
"261","1932","3","1977-02-14 15:54:02"
"374","814","1","1974-05-23 08:11:06"
"546","710","3","2006-03-16 18:20:21"
"214","1507","5","2006-04-13 19:47:08"
"820","1491","2","2014-06-06 01:28:17"
"15","1242","5","2019-07-25 20:21:15"
"440","1152","2","1970-04-08 06:26:52"
"507","14","5","1983-10-24 18:33:53"
"979","566","4","2022-04-27 19:43:46"
"997","1576","3","1988-04-23 14:05:57"
"936","388","3","2000-10-19 01:31:56"
"914","148","2","2002-04-11 01:28:30"
"620","1515","2","1982-11-24 22:34:54"
"813","1164","2","1991-08-31 06:10:10"
"562","214","2","2016-01-16 15:13:39"
"181","769","4","2017-06-20 15:24:15"
"508","810","2","1996-08-12 00:02:03"
"228","1424","3","1973-11-01 06:51:45"
"112","1535","5","1972-10-26 20:31:20"
"584","338","4","1982-07-19 05:36:54"
"925","1950","3","2000-01-12 10:02:36"
"719","1447","5","1994-11-16 07:58:03"
"171","930","5","1987-03-15 15:48:21"
"677","1811","5","1992-11-01 23:49:16"
"472","1950","4","2005-05-10 09:37:44"
"691","1962","2","2008-03-03 18:46:12"
"701","1380","1","1992-08-04 03:33:22"
"309","1537","1","1989-11-12 18:04:08"
"490","962","3","1995-02-18 08:08:03"
"319","762","4","1987-09-29 23:38:23"
"285","1291","1","2012-04-24 17:44:05"
"869","684","5","1988-12-15 08:12:10"
"378","564","2","2006-06-18 16:45:32"
"707","737","2","1971-01-19 16:32:14"
"479","207","4","1985-05-07 21:54:56"
"638","950","1","2010-12-26 07:31:42"
"217","1936","5","1973-07-18 01:15:32"
"716","1064","3","1990-03-20 05:02:59"
"392","91","3","1985-05-06 18:49:21"
"851","1055","4","2021-08-11 05:52:04"
"148","1013","3","1985-03-07 12:16:18"
"208","1529","2","2012-04-25 10:27:16"
"363","728","4","1990-01-28 08:46:21"
"535","526","4","1980-06-12 23:15:59"
"141","488","3","2006-07-20 11:20:34"
"407","929","3","1979-01-12 17:01:32"
"949","1735","2","1990-09-13 05:12:02"
"64","763","1","1974-08-17 11:28:42"
"45","1748","4","1986-01-17 16:27:52"
"715","981","1","2004-09-13 08:11:03"
"24","1887","2","2007-09-14 06:09:42"
"938","1365","1","2014-08-17 12:15:57"
"123","44","1","1971-10-06 09:34:47"
"687","1937","3","1999-12-29 05:20:52"
"237","1767","3","1973-02-16 08:11:05"
"311","905","4","2010-09-30 20:41:19"
"779","525","5","2012-07-17 17:28:17"
"779","711","3","2007-03-04 23:22:13"
"169","1164","4","1987-12-21 00:30:00"
"625","431","1","2005-04-15 02:12:08"
"379","535","5","1977-09-21 20:53:36"
"472","370","5","1990-01-11 17:34:19"
"128","1569","1","1996-10-16 09:07:09"
"312","451","3","2005-08-25 13:23:25"
"672","1153","2","1986-08-12 23:16:56"
"807","239","2","1972-01-16 16:59:31"
"741","1863","5","1996-06-09 07:26:17"
"461","975","4","1978-08-17 06:29:01"
"24","595","1","1979-10-15 19:04:33"
"269","385","1","2013-08-30 09:56:05"
"640","1883","1","1999-12-30 05:41:13"
"642","1242","5","1975-06-20 01:07:43"
"751","190","5","2002-01-28 10:43:02"
"945","1713","1","2020-01-22 17:37:30"
"640","742","2","2010-08-11 02:04:22"
"797","789","3","2020-06-07 08:45:41"
"678","1051","1","2003-10-11 02:03:23"
"941","487","1","2004-11-17 05:29:52"
"998","592","1","2002-10-31 10:00:49"
"481","1505","2","2021-07-13 12:56:16"
"184","292","2","1998-05-05 07:47:54"
"309","664","1","1993-10-06 17:14:17"
"976","1671","2","2002-02-09 15:37:12"
"855","194","5","2014-07-01 15:40:48"
"256","620","1","2015-01-04 03:19:59"
"758","1604","1","2013-12-16 00:37:06"
"214","1811","4","1989-09-18 20:29:17"
"326","447","1","2009-08-12 00:52:23"
"17","130","4","2006-12-16 23:10:24"
"850","476","2","1984-04-07 17:48:44"
"920","1123","1","2021-10-29 20:53:33"
"746","1847","2","1971-03-09 15:33:25"
"51","220","2","1989-05-06 06:52:28"
"332","1958","1","1978-12-25 08:24:00"
"905","28","1","2000-12-28 11:38:18"
"497","828","2","2017-08-09 20:06:06"
"725","837","3","2014-12-03 22:41:57"
"965","882","5","1993-02-26 10:08:51"
"763","1282","1","1981-08-19 00:57:45"
"260","399","4","1978-10-14 23:01:06"
"355","1427","1","2021-08-23 21:47:12"
"444","666","5","1997-12-17 04:27:11"
"158","1251","2","1999-03-25 16:39:07"
"360","416","5","1989-04-09 07:22:52"
"74","1984","2","2013-09-01 12:43:27"
"181","139","3","2004-01-14 15:57:00"
"776","1398","2","1978-12-28 03:00:18"
"178","341","3","2012-09-21 09:01:26"
"445","947","5","1983-12-28 18:03:25"
"422","1108","1","1988-02-28 02:15:35"
"283","1479","4","1972-02-19 13:54:13"
"889","1964","3","2013-01-31 09:16:30"
"99","1718","4","2017-02-16 21:09:47"
"24","1145","2","2012-05-28 08:21:26"
"749","600","5","1978-03-12 13:33:35"
"166","1981","2","2000-08-29 22:39:45"
"318","1494","3","1971-04-18 00:31:40"
"486","997","1","1973-12-19 20:43:49"
"444","1589","3","1990-04-26 12:19:19"
"361","262","2","1995-07-11 17:59:20"
"878","357","5","2010-02-28 19:36:26"
"432","684","3","1999-10-12 19:47:36"
"221","258","1","1990-05-28 10:28:41"
"563","1297","2","2014-09-16 15:27:38"
"719","1948","4","1972-06-17 15:50:25"
"790","395","5","1972-01-14 09:17:50"
"236","70","5","1970-05-13 05:11:30"
"25","1844","3","2017-10-21 12:52:06"
"345","370","3","1998-05-29 10:27:57"
"840","354","2","1977-03-15 18:44:11"
"968","1876","1","2007-01-16 12:29:00"
"327","1344","5","2008-11-15 03:24:30"
"304","1971","4","1984-09-13 15:12:39"
"340","1558","5","2020-01-04 23:53:29"
"320","526","3","2010-07-26 03:35:18"
"184","842","3","1980-07-22 01:39:33"
"403","221","3","1995-10-25 17:58:51"
"826","821","2","1997-10-26 01:49:22"
"451","1887","4","1982-08-10 22:50:13"
"297","259","3","1975-04-13 13:16:02"
"129","362","3","2002-07-11 11:15:02"
"328","1241","3","2003-10-12 18:05:55"
"978","62","1","1981-01-01 09:06:35"
"669","148","1","2004-01-15 17:11:24"
"281","1484","4","2016-12-11 18:06:36"
"333","1272","1","2021-07-06 10:17:43"
"848","453","2","1985-11-20 03:53:13"
"853","1862","3","2014-02-14 09:19:33"
"944","1002","2","2006-08-24 01:25:58"
"237","729","5","1993-07-25 11:57:18"
"201","495","3","2005-07-19 23:18:35"
"592","1789","1","2000-07-29 09:01:55"
"741","1623","1","1999-11-07 16:45:54"
"526","482","4","1982-06-03 20:49:06"
"438","815","3","1983-01-14 14:34:44"
"570","1881","1","1993-06-09 21:05:43"
"370","1342","4","1992-04-14 09:14:14"
"585","1177","5","2005-06-23 22:07:26"
"433","1083","4","2021-07-27 22:03:10"
"187","914","2","1971-04-10 23:06:48"
"247","1859","3","2022-09-14 21:30:50"
"137","692","5","1987-08-30 04:12:53"
"322","602","1","2003-07-26 07:07:06"
"342","1057","3","1984-02-03 07:48:31"
"230","1712","4","2016-01-25 19:27:24"
"734","584","3","2009-05-23 01:27:10"
"142","845","4","1998-03-24 23:42:16"
"251","121","1","2004-03-20 02:04:33"
"844","378","1","2000-02-13 21:24:55"
"767","510","4","1977-12-31 17:16:35"
"207","953","1","1999-10-17 10:52:06"
"81","879","1","1983-08-02 23:58:23"
"120","1711","2","2009-06-05 22:32:26"
"343","1174","5","1990-02-26 22:33:14"
"294","13","1","1982-11-28 11:49:04"
"539","1662","4","1976-03-02 07:47:54"
"128","1984","4","2019-06-08 17:35:04"
"444","332","4","1983-10-27 18:56:16"
"970","887","5","1977-11-23 20:07:06"
"472","1719","2","1970-06-24 10:21:10"
"16","1576","4","1997-01-25 11:32:54"
"746","434","2","2013-07-29 05:07:16"
"297","1554","1","2011-10-02 13:11:50"
"453","844","3","2006-09-01 15:24:30"
"519","602","4","2008-06-21 18:28:34"
"557","1107","4","2012-12-17 05:54:12"
"490","728","5","2009-10-23 13:40:47"
"297","1196","5","2006-02-23 15:17:06"
"701","448","5","1994-06-08 00:44:51"
"14","1820","1","2008-03-01 17:51:12"
"780","195","1","1974-01-12 15:36:04"
"569","1886","2","2002-06-08 04:37:04"
"111","1442","3","1998-05-16 22:58:49"
"843","234","5","1973-09-08 21:36:43"
"497","677","3","2011-10-25 22:55:46"
"948","772","2","2009-12-05 05:29:40"
"618","221","1","2006-03-13 20:52:34"
"870","1042","1","2004-12-09 14:59:37"
"413","741","5","1978-07-26 04:42:25"
"692","980","5","1978-08-02 10:23:12"
"733","1960","3","1990-10-28 15:02:17"
"119","1202","3","2021-03-28 08:12:48"
"187","1641","4","1992-04-06 10:26:15"
"709","520","3","1987-07-16 10:23:04"
"424","806","3","2015-11-21 13:29:50"
"105","212","5","1998-02-17 13:44:02"
"561","1151","1","1991-11-22 14:00:03"
"164","564","5","1995-10-12 15:30:13"
"565","1582","2","1974-04-28 02:25:49"
"236","1469","4","2004-01-22 13:37:49"
"164","763","2","2014-10-30 04:32:32"
"105","1290","2","1972-12-21 05:36:17"
"885","956","2","1981-08-21 12:53:07"
"0","1814","2","1997-08-25 15:58:56"
"940","779","1","1996-05-03 07:38:09"
"526","34","4","2020-03-08 20:02:48"
"231","1872","4","2008-11-24 18:15:38"
"337","799","4","1995-09-15 14:01:19"
"182","1853","1","2007-06-09 15:15:07"
"745","172","3","1971-02-26 20:52:42"
"870","1320","1","1980-04-12 11:51:32"
"660","1550","2","2004-05-23 00:35:19"
"652","1136","5","2005-08-12 23:29:14"
"335","234","5","2003-05-16 00:06:57"
"573","439","2","1976-07-11 05:53:46"
"572","157","3","1999-09-07 11:27:58"
"491","201","3","2007-03-19 15:38:13"
"615","208","5","2005-07-08 04:15:50"
"355","868","4","2013-05-23 09:48:35"
"15","993","4","1976-11-25 06:50:38"
"189","542","5","1973-02-25 09:25:01"
"759","489","5","1970-09-10 14:05:22"
"63","1113","3","1999-06-13 02:02:10"
"439","1512","3","1986-10-09 22:46:01"
"628","611","5","1973-03-24 09:51:31"
"99","668","3","2009-01-03 17:39:39"
"87","334","4","2004-03-02 18:24:53"
"164","720","4","2001-04-11 01:19:16"
"699","872","5","1970-02-04 08:58:01"
"512","1474","1","1981-09-26 21:51:47"
"902","1029","3","2004-11-11 11:16:10"
"126","1567","4","1995-06-26 04:19:50"
"917","398","2","1999-02-04 14:10:19"
"28","450","3","1979-03-18 00:24:15"
"730","82","2","1996-02-03 07:18:02"
"42","764","4","1984-10-24 20:10:10"
"972","1092","4","2002-03-28 07:37:28"
"662","851","1","1985-10-29 08:14:31"
"153","613","5","2011-11-25 18:26:38"
"650","961","3","2003-11-11 20:28:07"
"715","999","4","2020-08-15 20:10:44"
"77","729","4","1984-11-16 11:57:06"
"504","1647","1","1979-04-16 15:56:41"
"343","326","3","1992-06-04 20:31:01"
"738","202","5","2022-01-18 05:47:43"
"585","603","1","2017-12-04 09:40:53"
"624","1769","3","1992-01-10 13:37:35"
"748","1679","5","1996-01-30 01:05:50"
"609","1861","2","2017-01-20 14:43:37"
"755","1690","3","1972-02-06 10:25:09"
"38","1938","5","2014-08-14 00:12:12"
"15","1948","2","1999-02-16 14:52:41"
"350","1036","5","1971-08-25 10:24:43"
"639","38","2","1998-07-08 18:03:31"
"735","107","2","2014-09-03 05:53:22"
"481","1714","2","1976-11-28 02:04:11"
"473","956","5","1990-07-28 12:39:01"
"726","889","1","1971-10-16 11:05:00"
"124","318","4","1992-06-15 19:13:35"
"301","1825","3","1993-02-01 23:37:17"
"824","1641","1","1991-07-11 05:41:35"
"184","1191","2","2006-02-10 04:41:57"
"183","1980","4","1998-04-19 13:56:26"
"845","638","2","2005-01-23 22:23:47"
"349","48","1","1989-01-05 07:05:36"
"846","1908","1","1977-12-24 14:30:17"
"693","1245","3","1985-12-27 01:03:26"
"389","1706","4","2011-08-20 14:58:11"
"153","1132","2","1970-12-29 20:03:02"
"775","943","1","1999-02-20 19:32:11"
"215","1060","3","2018-04-24 02:12:15"
"244","264","3","2015-11-11 13:55:10"
"873","570","4","2004-02-19 15:19:55"
"329","1276","2","2002-11-28 16:55:57"
"418","802","1","2008-02-02 22:24:01"
"676","837","5","2009-11-28 08:04:23"
"184","1240","1","2020-09-13 15:41:23"
"220","324","4","1971-10-25 20:10:18"
"743","163","1","1976-10-23 13:59:17"
"269","1332","3","2006-01-16 14:05:16"
"594","892","5","2007-10-16 02:55:32"
"574","588","2","1975-06-23 03:55:00"
"72","1806","1","1987-05-19 17:11:14"
"420","133","4","1981-03-10 20:13:06"
"979","182","4","1970-12-23 02:07:01"
"352","1452","2","2016-04-20 10:02:50"
"229","1879","5","2016-09-27 23:03:33"
"904","952","2","1983-07-06 13:51:22"
"143","126","5","1982-07-26 08:58:04"
"637","538","4","2011-02-15 11:50:03"
"587","1368","4","1995-01-08 03:02:34"
"638","622","3","2015-12-27 00:34:19"
"608","1728","2","2011-12-26 12:22:14"
"899","1659","3","2001-07-27 12:08:28"
"208","1001","5","1986-04-03 07:36:31"
"341","577","1","1983-01-28 07:20:17"
"302","1321","1","2007-08-16 22:11:57"
"589","1294","4","2002-02-22 17:33:06"
"152","1340","3","2013-10-23 16:48:54"
"638","453","3","2004-12-22 18:36:27"
"91","1019","3","2020-09-21 06:53:27"
"118","1181","2","1989-12-03 05:00:20"
"679","1402","1","1979-03-07 05:55:10"
"906","1058","5","1975-04-15 16:39:00"
"454","1294","5","2019-03-03 16:17:48"
"628","1639","3","1982-12-22 15:05:16"
"269","957","2","1982-05-17 08:39:13"
"478","978","5","1972-03-02 01:33:38"
"376","442","4","2003-10-06 13:10:24"
"716","1043","4","1970-08-04 00:40:13"
"210","356","3","1987-12-08 19:39:15"
"129","722","2","1974-01-17 13:07:20"
"237","812","2","2010-04-22 16:19:46"
"285","1567","5","2003-10-13 17:59:59"
"329","363","2","2019-12-25 21:17:21"
"96","771","1","1984-09-20 10:44:14"
"48","1832","4","2006-03-30 15:15:35"
"637","1410","1","1997-02-10 16:31:58"
"959","1064","4","2012-05-06 05:43:56"
"999","1074","2","1979-02-11 03:52:05"
"639","453","5","1991-10-27 01:08:31"
"323","1975","1","1973-10-21 01:23:00"
"935","564","5","2002-09-02 08:56:42"
"538","1467","2","2008-08-24 05:10:05"
"847","1101","2","1988-02-20 18:49:48"
"39","1766","5","1992-03-18 06:15:04"
"190","1286","5","2021-06-05 10:56:03"
"301","1304","1","2015-07-03 01:14:52"
"792","1032","2","1988-05-17 06:18:50"
"525","1219","1","1999-08-13 01:32:35"
"321","1376","3","1971-05-28 06:30:27"
"74","1574","1","2007-05-10 12:30:52"
"655","1335","2","1992-06-28 00:44:29"
"27","1428","4","2008-06-09 23:24:49"
"424","404","3","2022-01-21 07:41:36"
"894","1652","2","1988-06-26 19:07:39"
"183","1042","5","2002-01-23 15:00:49"
"257","384","3","1982-09-12 08:03:57"
"889","517","1","1975-12-18 22:52:57"
"825","33","3","2013-03-01 18:06:53"
"350","759","3","1993-08-10 14:23:08"
"667","144","5","2004-05-09 20:35:57"
"916","1654","4","2022-10-13 15:02:55"
"925","747","4","2014-03-26 13:07:15"
"288","1651","1","2010-01-10 16:51:16"
"339","1935","4","1980-12-18 01:55:25"
"43","1161","3","1977-11-18 03:39:51"
"567","430","4","1990-01-07 11:41:05"
"875","1310","5","1983-03-25 01:53:34"
"663","165","4","2017-08-30 16:52:27"
"893","1070","1","1977-11-24 11:25:53"
"779","921","3","2014-09-30 06:26:31"
"752","1537","2","2010-05-28 03:15:34"
"508","391","3","1978-08-12 19:47:51"
"308","1792","5","1978-05-16 17:29:21"
"847","569","1","1971-10-07 19:44:39"
"808","251","4","1990-12-05 09:31:32"
"470","726","1","1986-11-10 12:52:09"
"372","1427","5","1976-05-14 17:37:03"
"371","73","3","1970-03-31 15:23:58"
"954","1379","2","1977-08-13 23:19:34"
"185","1732","3","1992-04-07 08:56:31"
"546","1308","2","1986-04-07 03:21:24"
"843","219","1","2010-05-22 20:27:01"
"765","1288","5","2010-11-14 23:01:16"
"339","288","1","2012-05-12 12:52:41"
"238","452","1","1992-10-25 12:49:39"
"426","433","5","2010-03-09 14:46:27"
"179","872","4","1994-12-20 05:13:02"
"848","360","2","1976-08-27 07:29:29"
"484","647","2","1990-01-23 06:31:54"
"300","1909","4","1986-07-01 19:43:47"
"498","610","4","1983-03-10 04:37:18"
"326","1265","2","1983-07-10 14:39:02"
"914","1902","1","1972-10-30 18:52:14"
"600","1990","4","2011-01-16 05:10:23"
"385","805","3","1997-07-15 07:55:20"
"784","543","1","2006-05-18 23:17:12"
"922","1030","3","1972-09-09 04:28:42"
"230","694","3","1980-04-22 05:42:34"
"345","1018","4","1996-04-10 22:15:23"
"351","762","1","2015-11-17 18:05:27"
"352","282","4","1996-03-07 18:27:51"
"74","580","5","2010-12-19 23:18:05"
"212","823","2","2003-12-16 09:29:12"
"762","477","5","1980-08-20 02:08:57"
"657","1440","2","1985-09-23 20:37:01"
"605","1788","1","2007-01-11 22:17:37"
"21","1649","5","1982-02-03 15:10:28"
"855","992","3","2018-07-22 00:43:35"
"69","631","1","2006-01-17 14:59:36"
"720","863","1","2004-07-30 18:49:52"
"615","223","4","2013-12-24 21:37:31"
"990","362","5","1981-04-21 00:35:32"
"804","301","3","1981-06-03 02:28:07"
"262","1136","4","1988-12-28 19:09:08"
"748","1645","2","1979-01-31 00:52:42"
"219","1123","2","1972-02-14 09:44:51"
"379","262","1","1983-11-07 04:52:01"
"645","1736","2","1991-01-15 11:55:49"
"90","1464","3","2009-09-02 14:20:00"
"488","379","2","1980-01-30 05:25:27"
"881","1957","3","2021-12-30 17:40:08"
"538","552","1","1996-06-09 13:53:20"
"528","169","1","1986-02-17 14:59:47"
"669","1757","4","1976-07-13 10:02:29"
"46","1004","3","2014-04-21 03:36:21"
"269","1809","3","1987-11-07 11:06:54"
"614","1632","1","2018-01-13 21:10:26"
"570","873","1","2015-11-20 00:04:21"
"123","102","4","1993-01-05 08:52:57"
"719","1553","2","2006-01-01 12:10:29"
"884","1736","1","1994-01-06 06:07:10"
"901","1644","5","1982-01-18 09:35:43"
"955","1796","3","1978-01-08 01:31:45"
"725","1542","5","1980-12-09 12:16:13"
"452","847","5","1981-11-26 13:34:59"
"757","629","1","2007-11-18 13:17:58"
"264","1788","5","1996-03-27 20:40:38"
"322","1838","4","1982-02-09 12:14:51"
"314","961","2","1985-01-26 13:59:00"
"711","4","3","2021-06-23 11:15:54"
"64","123","3","2021-12-29 19:53:53"
"500","769","4","1983-10-31 16:53:22"
"595","705","2","1991-07-24 04:50:00"
"564","1449","5","2019-11-28 20:14:42"
"108","580","4","2007-03-22 15:22:56"
"602","1937","5","1994-12-23 00:41:53"
"540","1565","5","2011-03-05 13:55:54"
"595","957","4","2017-03-02 21:15:41"
"638","412","5","1992-02-21 10:32:27"
"554","577","5","2019-03-15 20:50:54"
"187","1939","1","1980-05-26 00:34:22"
"631","1678","3","1975-03-13 06:44:18"
"193","1219","3","2005-01-16 15:20:19"
"305","1543","4","2012-01-19 23:19:51"
"791","673","3","1981-06-10 22:13:41"
"415","105","5","1999-12-18 09:52:52"
"134","1931","5","1984-04-16 22:20:00"
"626","386","3","1992-06-26 16:54:21"
"950","406","5","2008-12-10 17:56:05"
"481","1388","1","2013-06-05 09:02:35"
"735","1902","3","2011-07-10 19:43:17"
"416","929","4","1978-07-30 18:54:15"
"405","393","2","1991-06-16 20:50:10"
"826","1315","3","1997-11-10 13:17:43"
"864","643","5","1994-04-19 00:17:17"
"449","731","2","1977-01-03 03:04:55"
"943","1474","1","2011-01-11 08:31:09"
"230","1391","4","2013-08-11 05:24:15"
"451","1841","5","1989-11-11 20:31:55"
"359","476","3","1985-01-16 17:52:52"
"274","1303","1","2015-12-05 11:12:42"
"217","909","4","1989-11-16 00:46:21"
"625","1845","3","1982-08-13 04:24:50"
"858","1681","1","2007-06-28 14:54:40"
"803","1082","5","1975-03-19 00:03:56"
"711","348","2","1975-02-08 14:20:58"
"783","1888","2","1995-08-08 23:36:31"
"126","1426","5","1989-07-14 05:28:18"
"395","712","2","1981-08-21 16:47:01"
"533","153","3","1995-10-22 19:48:15"
"198","1875","2","1994-02-12 22:09:07"
"966","1637","2","1991-12-25 09:41:12"
"318","550","1","1998-12-19 11:52:47"
"345","364","3","1981-04-15 06:45:15"
"272","946","2","2016-08-11 06:29:11"
"618","1212","4","2003-09-21 19:22:55"
"5","95","3","2008-10-11 16:09:35"
"671","646","1","2006-12-28 10:41:10"
"763","939","5","2002-06-29 11:06:27"
"304","1105","4","2010-12-28 12:03:26"
"295","1781","4","2017-02-10 01:49:32"
"247","267","5","2004-12-28 18:30:42"
"426","1531","4","1984-07-31 00:49:47"
"748","800","1","1992-09-14 05:08:14"
"352","1228","4","1996-05-14 21:03:11"
"634","1736","3","1990-01-20 02:58:05"
"707","587","2","1990-01-07 05:27:50"
"139","376","3","2016-09-22 18:02:57"
"221","29","3","2002-09-13 08:21:55"
"84","1118","1","2005-04-13 18:56:10"
"520","348","3","2014-11-22 06:08:41"
"659","1440","4","1974-07-26 13:54:52"
"322","1628","1","1997-07-31 23:16:53"
"520","1664","1","2006-07-21 23:33:06"
"571","1701","1","1973-07-01 14:30:40"
"858","1394","1","2003-09-11 22:05:23"
"972","1419","5","1996-06-11 09:59:11"
"924","1650","3","2000-01-30 03:03:16"
"781","296","5","1991-10-27 18:20:55"
"648","1257","3","2006-07-22 05:01:31"
"750","668","5","1983-01-23 00:20:32"
"486","1138","2","1985-01-16 23:32:24"
"126","1061","4","1997-08-05 05:07:58"
"337","636","1","2013-11-17 03:41:48"
"561","1659","5","1975-07-18 16:24:40"
"166","128","5","1970-04-28 19:48:48"
"776","1609","4","1974-08-12 11:33:31"
"364","186","1","2000-05-20 11:14:44"
"423","75","1","2009-07-04 12:39:20"
"575","763","4","2001-08-13 15:56:15"
"463","612","5","2012-04-08 15:41:44"
"122","1699","4","1978-12-07 15:51:38"
"734","673","1","2016-04-25 00:11:48"
"361","1973","4","1976-08-04 09:56:20"
"76","1887","4","2008-03-30 00:01:48"
"79","468","1","1993-10-25 10:51:12"
"900","1366","3","2020-05-30 16:04:31"
"366","811","2","1997-01-08 18:45:49"
"86","1746","2","1970-09-18 00:53:18"
"842","1920","1","2000-10-25 02:59:43"
"265","197","5","2014-07-21 22:09:13"
"714","619","1","1988-12-30 09:05:36"
"500","727","1","1991-06-03 16:57:02"
"193","468","3","2013-05-27 17:29:14"
"237","1992","2","2004-07-20 12:29:25"
"342","688","2","2008-01-02 15:49:39"
"11","848","1","2007-08-10 12:42:21"
"454","1686","1","1970-11-24 21:44:33"
"106","134","3","1982-02-08 03:15:07"
"982","108","4","2009-12-28 03:50:55"
"842","1431","2","1971-06-21 21:17:14"
"594","1495","5","1994-07-06 09:40:25"
"883","443","2","1986-02-22 10:26:49"
"763","847","5","1991-11-15 08:37:28"
"235","1663","5","2009-07-25 17:32:34"
"519","1823","3","2014-12-15 17:15:54"
"646","929","5","2009-08-29 07:14:02"
"403","164","2","1979-11-16 01:35:46"
"402","1157","4","1975-09-29 04:05:49"
"517","1286","3","2015-06-15 23:48:51"
"945","307","2","2016-11-22 17:59:57"
"997","562","5","1990-08-29 19:51:53"
"117","1923","5","2016-12-12 01:00:57"
"835","1552","3","1978-06-24 01:26:20"
"910","647","4","2021-03-30 01:36:33"
"974","1061","2","1990-10-31 04:30:03"
"557","935","4","2015-11-11 22:34:03"
"567","226","1","2002-03-23 08:10:11"
"53","28","2","2005-11-27 02:01:59"
"800","552","3","1989-06-24 23:23:57"
"422","1652","3","1996-10-17 20:46:21"
"904","1536","3","1976-01-25 08:38:10"
"226","806","5","1986-05-23 19:30:53"
"488","1990","4","2020-09-19 19:39:26"
"216","467","3","2003-02-01 09:50:13"
"143","1220","5","2016-03-03 23:07:23"
"301","832","5","1971-12-10 12:42:53"
"773","1128","3","1985-01-16 20:23:25"
"974","956","1","2019-10-07 09:40:34"
"992","1614","5","1988-01-02 15:37:22"
"956","891","2","1974-07-24 20:19:39"
"728","1949","2","2000-11-18 05:58:51"
"750","1662","3","1989-09-09 03:44:10"
"33","1160","4","2022-05-23 15:11:49"
"919","510","5","1979-08-30 13:30:02"
"734","92","5","2007-09-05 17:35:42"
"995","1503","2","1989-07-28 10:45:19"
"561","1934","1","2008-10-19 12:13:26"
"218","1609","4","2013-02-26 08:32:45"
"274","775","3","2021-05-28 09:08:30"
"892","1425","5","1974-04-02 18:24:37"
"62","715","4","2006-10-08 01:08:31"
"673","361","3","2019-11-23 19:40:37"
"82","287","4","1998-07-04 06:35:16"
"131","230","3","2010-09-07 19:57:44"
"320","1503","4","2019-10-09 11:55:08"
"430","1731","4","2004-01-14 02:13:49"
"691","1153","2","1983-04-03 08:03:42"
"546","1767","1","1991-04-29 22:27:42"
"727","464","5","2006-02-20 13:37:24"
"684","1994","1","1990-09-20 17:51:09"
"955","397","4","2000-02-19 00:34:09"
"385","783","5","1984-04-30 11:03:09"
"607","1027","3","1986-04-28 05:57:44"
"610","212","1","1989-04-08 23:21:39"
"669","4","2","1970-02-21 08:46:22"
"612","505","4","1997-06-07 13:43:07"
"929","1227","3","2007-10-04 14:09:51"
"878","1747","5","2001-03-09 06:36:03"
"965","603","5","1989-03-29 17:52:42"
"51","1608","5","1986-04-03 22:47:52"
"416","6","3","1977-03-04 14:17:46"
"294","534","1","2007-03-14 02:41:16"
"828","1094","4","1983-05-18 17:18:23"
"474","741","5","2007-08-05 09:13:12"
"395","677","2","1987-09-07 11:27:03"
"131","991","5","1995-05-08 19:03:04"
"912","255","2","1991-10-28 11:16:28"
"376","1092","3","1990-06-17 11:42:51"
"464","1023","4","2012-03-18 00:31:53"
"589","1596","1","1993-08-25 13:33:09"
"780","1938","5","2019-04-26 02:06:01"
"535","1975","3","1985-06-18 17:09:56"
"252","1523","4","1992-07-29 08:43:43"
"463","1264","3","1985-04-06 09:07:01"
"87","1633","1","1998-04-22 21:54:07"
"184","848","1","1985-07-26 00:58:53"
"807","1226","1","2010-11-15 23:55:36"
"674","689","1","2001-12-02 12:35:52"
"355","1651","5","2016-09-03 03:09:58"
"880","431","2","1976-12-28 03:09:25"
"961","1236","4","1978-08-19 18:15:50"
"100","712","3","1997-03-23 19:31:18"
"74","605","1","2022-03-08 02:35:49"
"52","1288","1","1982-11-08 17:06:02"
"755","1881","5","2005-12-30 23:11:09"
"546","1393","4","2022-09-25 02:16:09"
"902","188","1","1996-03-02 12:33:53"
"2","1000","1","2021-01-21 07:37:04"
"25","712","2","2019-07-25 06:50:18"
"644","1650","3","2013-03-24 09:38:50"
"177","1445","4","2015-09-12 02:55:54"
"830","467","4","1988-03-22 19:24:41"
"567","107","5","2009-05-17 09:15:56"
"79","862","2","1976-01-09 16:36:34"
"842","1833","5","1971-10-19 15:37:27"
"577","378","2","2001-10-19 17:40:16"
"996","301","1","2008-11-09 01:49:32"
"519","83","4","2000-02-18 01:17:53"
"375","818","1","1992-01-03 12:05:54"
"350","1419","1","2005-12-13 02:11:41"
"24","1086","2","1992-12-23 21:18:09"
"170","1095","1","2009-12-25 15:21:19"
"142","1840","5","1972-12-15 11:28:01"
"28","478","5","2009-05-08 09:41:54"
"857","1247","2","1985-09-11 18:42:09"
"482","1180","1","1982-05-17 20:07:13"
"550","593","4","1981-06-14 02:56:06"
"970","139","4","1970-04-30 00:01:42"
"188","775","3","1982-01-30 03:10:55"
"984","1161","4","1993-08-24 20:17:23"
"352","420","4","2000-08-07 15:29:51"
"569","1348","4","2004-03-30 02:22:27"
"682","1435","3","1990-07-30 02:56:04"
"131","1959","2","2008-07-08 02:13:13"
"407","1063","5","1988-03-03 12:22:24"
"654","1692","3","1980-08-14 09:42:04"
"373","1458","5","1982-10-13 07:16:40"
"190","1667","4","1971-08-04 22:26:13"
"14","1710","4","1986-01-19 23:54:51"
"52","1655","5","2017-07-07 20:02:57"
"287","1782","2","2006-08-15 05:33:26"
"285","594","1","2021-01-29 19:32:41"
"548","546","2","1989-08-31 19:59:33"
"936","1019","1","1976-02-13 15:45:44"
"676","218","1","1993-05-28 05:46:28"
"113","882","3","2009-05-11 04:45:27"
"487","970","5","2022-02-13 17:26:32"
"139","481","3","1994-01-10 18:20:08"
"312","1949","1","1998-05-28 11:38:52"
"609","260","1","2021-04-23 14:57:45"
"446","638","2","2002-06-30 16:21:34"
"30","388","4","2009-10-08 07:23:13"
"927","346","1","1990-10-29 22:46:29"
"290","495","4","1985-10-14 11:05:11"
"360","509","4","1977-08-03 03:03:31"
"898","898","2","2021-04-16 05:13:27"
"413","1460","4","1993-01-01 10:15:09"
"39","1518","2","1977-10-22 19:34:47"
"472","1775","3","2007-08-22 10:34:34"
"616","52","4","1995-06-22 22:29:04"
"153","1419","5","1974-01-14 20:47:06"
"751","1898","4","2011-04-08 17:49:58"
"326","1640","2","1982-05-06 12:26:15"
"574","936","5","2010-10-11 00:05:20"
"762","1804","4","2001-12-28 12:12:09"
"800","26","1","2017-10-25 01:25:45"
"344","694","5","1979-09-04 18:48:33"
"436","438","4","2016-04-08 08:29:19"
"921","1967","3","2021-08-10 19:17:36"
"151","448","4","2006-10-13 05:08:08"
"765","1325","4","2003-11-26 02:04:50"
"168","1487","5","1991-06-28 23:37:15"
"499","1166","2","2010-09-11 21:27:40"
"841","1828","4","1975-05-14 23:47:53"
"416","739","2","2002-08-17 17:08:03"
"612","370","3","2016-09-26 00:10:39"
"867","1902","3","2009-12-05 22:23:15"
"641","122","2","2010-12-01 18:50:37"
"53","1962","5","1975-12-20 09:37:26"
"616","893","3","1991-02-06 12:49:17"
"791","1348","4","1985-05-22 15:57:30"
"712","797","4","1993-01-20 00:37:20"
"105","1583","4","2000-01-31 19:29:47"
"83","1054","1","2008-08-17 05:48:41"
"350","492","2","2004-01-21 17:36:19"
"970","1138","2","2006-12-24 21:12:16"
"229","214","5","2000-01-03 10:17:31"
"458","439","2","1989-12-15 01:46:11"
"738","1628","2","2010-12-12 12:36:39"
"922","37","2","1987-05-18 19:29:40"
"801","1285","5","2004-03-26 12:50:13"
"323","1364","4","1979-02-28 03:15:24"
"635","342","2","2007-11-14 07:23:53"
"575","514","1","2019-01-21 21:03:15"
"284","235","5","1994-04-21 06:07:46"
"781","577","4","2004-10-01 10:44:17"
"624","199","2","2021-02-11 01:01:48"
"908","1041","2","1984-04-13 06:55:14"
"411","1673","4","2010-07-28 13:23:00"
"694","846","4","2013-10-23 09:01:53"
"3","1653","1","2003-12-23 14:35:17"
"93","1694","2","1974-09-03 21:08:31"
"807","1782","2","2010-01-12 21:55:53"
"715","1245","2","1993-01-27 11:50:00"
"811","921","5","2000-02-07 13:47:19"
"682","223","3","2003-06-03 03:06:26"
"514","1346","1","2007-12-13 16:11:05"
"669","344","2","2017-02-07 19:42:15"
"980","1600","5","1987-09-11 19:42:39"
"931","301","1","1993-05-06 10:04:07"
"783","563","1","2003-05-10 07:37:14"
"2","863","5","2000-03-13 05:14:15"
"227","331","2","2015-07-20 18:19:48"
"243","469","5","1985-10-02 00:29:28"
"417","1629","1","1990-11-06 21:33:47"
"938","961","3","2007-11-18 23:01:11"
"158","1623","1","1979-06-30 08:03:26"
"805","896","4","1982-05-31 11:15:22"
"663","1126","1","1983-07-26 02:15:57"
"186","155","2","1971-12-14 15:48:56"
"116","242","5","1970-03-26 03:08:18"
"147","1599","4","1985-06-02 06:18:03"
"464","1994","3","2014-05-16 13:04:55"
"68","747","4","1971-05-10 19:50:16"
"290","1001","4","1994-11-03 04:12:30"
"853","934","3","1971-09-15 00:11:12"
"214","236","3","2016-08-14 08:10:04"
"336","1353","1","2002-06-15 07:19:14"
"805","424","3","2005-12-06 21:24:16"
"579","1567","5","2001-09-11 05:54:56"
"522","1399","2","2001-02-14 22:10:00"
"311","461","4","1970-08-10 07:13:39"
"434","1206","1","2017-07-09 23:58:58"
"602","116","5","1975-05-03 20:39:37"
"88","768","2","2006-12-19 08:36:00"
"13","1275","2","1994-11-29 04:14:35"
"449","12","1","2021-11-03 12:34:37"
"257","1430","4","2003-11-18 20:47:29"
"539","1106","1","1984-11-02 15:12:59"
"751","1818","3","1970-07-17 10:27:03"
"85","1663","2","2022-01-05 13:29:31"
"517","493","4","2018-12-10 14:20:58"
"430","768","4","1991-07-11 10:02:56"
"620","347","3","2002-02-08 21:08:45"
"730","1961","2","1998-04-13 18:17:18"
"121","449","2","1985-10-26 23:41:30"
"227","1205","3","1976-09-30 10:34:43"
"599","815","1","1994-04-21 16:41:05"
"596","65","4","1989-11-13 06:57:28"
"256","1360","2","2003-06-01 05:38:58"
"440","1528","4","1980-08-28 09:45:34"
"463","1283","3","2009-02-05 18:27:47"
"160","842","3","2022-04-28 00:36:27"
"250","391","2","2016-12-10 22:48:40"
"407","1891","3","2008-01-30 01:20:43"
"212","403","5","1970-02-13 22:19:25"
"349","1634","3","2016-04-29 01:28:58"
"478","547","5","1974-06-24 23:36:39"
"978","676","3","2015-07-26 15:08:17"
"114","296","2","2001-10-21 15:03:42"
"906","602","4","1997-03-13 05:00:35"
"752","192","3","1998-08-03 10:36:48"
"968","304","2","1976-01-14 11:25:20"
"765","594","5","2006-10-09 00:46:12"
"146","534","3","1983-12-06 19:40:44"
"369","753","4","1995-02-20 10:45:55"
"938","946","4","2021-08-24 05:35:29"
"0","1499","4","1999-10-14 06:58:26"
"153","910","5","1987-11-24 05:37:50"
"68","289","1","2022-06-06 04:28:18"
"840","1771","3","1980-02-08 13:43:12"
"238","1118","1","1999-11-07 03:46:16"
"167","935","1","1977-02-08 14:55:56"
"714","1197","4","2003-08-11 16:08:51"
"383","1299","4","2021-07-15 08:05:57"
"137","94","2","2022-02-13 03:10:51"
"471","1831","2","2014-08-10 01:55:21"
"872","81","3","2002-01-06 00:08:05"
"131","625","5","1995-12-11 00:35:02"
"557","1280","4","1977-11-12 23:51:44"
"233","1892","5","1986-12-28 11:11:20"
"394","569","2","1986-05-03 10:01:32"
"827","370","3","1989-03-29 10:24:41"
"388","1631","4","1972-03-17 10:42:54"
"529","97","3","2018-04-02 02:02:44"
"228","856","2","1977-10-21 02:53:18"
"418","906","2","1989-01-27 02:38:49"
"620","1399","3","1989-03-01 18:55:57"
"915","849","4","2001-12-20 03:08:18"
"705","1146","5","2018-01-03 10:11:05"
"748","136","1","1971-12-04 12:46:56"
"593","1760","5","1984-12-20 10:17:10"
"107","1125","3","2000-06-30 03:13:40"
"955","1608","1","1974-06-30 04:20:42"
"393","596","5","1990-01-08 04:02:09"
"457","721","4","2002-07-18 11:54:27"
"520","1090","1","1977-05-07 19:16:54"
"650","630","3","1972-10-25 22:54:05"
"529","1114","3","2006-03-25 16:23:35"
"672","157","2","1976-02-04 17:59:35"
"763","1193","2","1971-06-22 22:54:02"
"84","1287","4","2006-06-09 21:11:59"
"144","1592","5","2013-08-14 22:39:09"
"696","536","2","2010-04-03 18:45:46"
"649","785","4","1974-11-21 20:50:39"
"541","100","3","1995-01-05 04:14:30"
"572","1095","1","2002-09-25 18:21:48"
"321","269","5","1980-04-05 02:28:24"
"216","1746","5","1972-10-13 18:13:19"
"360","1388","5","2014-01-31 19:01:08"
"798","814","3","2012-08-15 17:06:35"
"429","1579","5","2016-10-18 23:53:43"
"518","1572","1","1970-03-15 06:20:19"
"467","1518","4","2012-09-07 03:40:14"
"793","163","1","2012-10-24 08:59:30"
"237","1852","5","1989-10-05 00:36:45"
"813","748","4","2022-02-20 02:57:54"
"671","1126","5","1986-11-11 12:43:35"
"131","982","4","2019-11-12 00:29:46"
"555","1913","5","1984-08-04 18:00:09"
"595","1417","2","2006-09-23 14:00:33"
"884","1579","1","2000-11-29 21:36:00"
"861","337","2","1986-05-17 12:02:55"
"479","612","3","2012-05-14 12:19:29"
"296","1309","1","2012-08-08 10:23:16"
"764","389","5","2022-05-05 13:30:12"
"432","329","2","1976-07-02 16:32:16"
"127","659","1","2010-02-18 12:54:21"
"124","1260","5","2016-06-15 03:01:53"
"793","715","2","2015-12-09 04:58:52"
"671","135","4","1983-10-22 15:09:48"
"247","716","5","1971-08-17 04:21:06"
"61","195","3","2006-12-28 07:49:44"
"625","254","1","1997-10-04 18:11:31"
"366","56","4","2009-03-10 10:07:49"
"15","171","2","2001-02-13 06:04:56"
"972","769","2","1992-03-21 17:23:28"
"310","331","2","2013-09-17 15:09:37"
"231","757","4","2014-07-15 14:19:31"
"74","1550","1","1993-11-11 16:31:52"
"455","774","1","1999-08-05 17:57:50"
"685","1753","4","1995-08-30 11:33:45"
"401","199","4","1973-04-29 00:27:20"
"916","1717","4","2021-07-28 15:38:15"
"147","699","1","1986-09-06 22:21:52"
"641","1071","4","2003-03-22 07:54:57"
"94","1991","3","2010-07-05 10:18:25"
"297","1797","3","2012-11-20 15:13:55"
"443","1418","1","1973-06-07 08:15:02"
"590","1707","2","1975-02-01 06:46:26"
"951","1784","4","2011-05-09 01:02:27"
"170","159","3","1994-06-25 08:48:41"
"609","116","5","2022-10-16 18:58:30"
"496","473","1","2010-07-15 13:21:55"
"380","1769","3","2007-03-15 17:02:14"
"441","981","3","2000-08-06 12:42:42"
"127","915","3","2007-09-08 01:02:20"
"741","242","5","1973-10-31 01:59:43"
"951","400","3","2003-11-01 18:23:54"
"14","1271","5","1989-03-12 03:42:13"
"120","1280","2","1979-01-25 07:14:02"
"107","251","4","1991-02-14 02:06:59"
"886","1023","5","2018-06-28 05:40:52"
"560","123","5","1994-05-08 13:59:43"
"236","158","2","2000-06-19 14:20:35"
"238","1758","4","2002-12-18 04:38:11"
"634","123","2","1984-04-24 00:36:37"
"312","1180","3","1991-01-06 08:40:04"
"790","1950","2","1974-07-18 19:11:46"
"519","1988","2","2017-10-26 20:46:22"
"190","1627","4","2011-02-22 06:09:55"
"743","87","5","2021-09-17 23:18:29"
"678","905","3","2020-11-09 00:28:45"
"222","1522","1","1973-08-21 13:40:58"
"293","1290","5","1974-03-26 04:20:26"
"890","182","4","1991-11-14 02:59:18"
"183","1928","2","1985-08-08 21:47:26"
"679","1193","1","2000-06-19 00:58:21"
"916","59","3","2010-09-29 16:48:37"
"187","1821","2","1999-01-10 01:34:26"
"817","636","2","2022-01-17 03:25:20"
"777","526","3","1970-03-17 10:28:36"
"175","209","4","1987-11-15 14:54:00"
"990","454","1","1974-03-09 02:26:20"
"31","111","4","2021-03-23 01:58:43"
"172","1680","1","2003-09-11 14:46:06"
"564","1539","1","2017-05-25 03:05:30"
"875","737","1","2018-11-22 09:40:09"
"367","1620","2","1994-07-08 16:09:38"
"144","1171","5","1980-05-29 17:06:58"
"988","1278","1","2014-06-30 06:58:08"
"47","99","1","1993-01-18 23:35:28"
"764","1480","3","1999-03-12 15:48:57"
"581","810","5","1995-09-09 17:25:38"
"953","1728","3","2021-01-07 11:15:01"
"948","221","3","1974-09-28 19:56:17"
"14","464","2","1978-07-26 06:40:56"
"240","620","4","1986-03-24 01:49:43"
"91","442","3","1987-09-01 10:14:38"
"282","713","3","2016-06-10 06:19:22"
"278","12","5","2018-08-02 14:03:16"
"841","201","1","1988-12-09 05:35:18"
"66","850","2","1970-02-18 20:40:45"
"442","357","5","2003-07-20 22:30:53"
"205","763","1","2008-03-11 11:52:03"
"849","1788","3","2008-01-07 18:32:01"
"216","857","3","1970-09-09 13:51:00"
"92","1770","1","2005-01-07 07:48:45"
"108","520","1","2021-04-21 01:07:22"
"858","1242","1","2015-05-29 23:27:05"
"159","721","4","2014-07-02 23:28:35"
"148","1780","2","1989-05-27 00:07:09"
"204","297","5","1979-07-20 12:41:40"
"904","1973","2","1992-08-28 08:27:29"
"572","272","2","1971-08-24 17:41:24"
"652","277","3","2018-12-11 07:31:08"
"752","741","1","2006-12-27 11:28:18"
"286","1707","3","1989-06-22 10:39:26"
"639","1713","2","1996-01-20 20:10:31"
"353","1949","5","1981-03-05 15:40:32"
"76","877","3","2016-04-15 18:40:05"
"202","944","5","1994-06-04 20:12:45"
"932","1195","3","2022-05-28 01:01:08"
"898","62","4","2019-06-01 04:41:53"
"727","528","4","2013-12-13 07:05:58"
"26","358","1","1978-03-28 15:12:33"
"924","61","5","2019-08-27 15:56:55"
"785","1713","2","2019-03-18 18:24:35"
